"team","away","date","med.price","home.away.date","home.standing","away.standing","ave.standing","home.gt.away"
"Golden State Warriors","Boston Celtics","2016-04-01",278.89,"Golden State Warriors, Boston Celtics (04/01/2016)",1,11,6,0
"Golden State Warriors","Dallas Mavericks","2016-03-25",300,"Golden State Warriors, Dallas Mavericks (03/25/2016)",1,12,6.5,0
"Golden State Warriors","Houston Rockets","2016-02-09",250,"Golden State Warriors, Houston Rockets (02/09/2016)",1,15,8,0
"Golden State Warriors","Memphis Grizzlies","2016-04-13",325,"Golden State Warriors, Memphis Grizzlies (04/13/2016)",1,7,4,0
"Golden State Warriors","Orlando Magic","2016-03-07",222.22,"Golden State Warriors, Orlando Magic (03/07/2016)",1,21,11,0
"Golden State Warriors","Phoenix Suns","2016-03-12",300,"Golden State Warriors, Phoenix Suns (03/12/2016)",1,26,13.5,0
"Golden State Warriors","Washington Wizards","2016-03-29",228.435,"Golden State Warriors, Washington Wizards (03/29/2016)",1,20,10.5,0
"Golden State Warriors","Los Angeles Clippers","2016-03-23",325,"Golden State Warriors, Los Angeles Clippers (03/23/2016)",1,6,3.5,0
"Golden State Warriors","New Orleans Pelicans","2016-03-14",220.995,"Golden State Warriors, New Orleans Pelicans (03/14/2016)",1,25,13,0
"Golden State Warriors","New York Knicks","2016-03-16",245,"Golden State Warriors, New York Knicks (03/16/2016)",1,19,10,0
"Golden State Warriors","Oklahoma City Thunder","2016-02-06",639.99,"Golden State Warriors, Oklahoma City Thunder (02/06/2016)",1,4,2.5,0
"Golden State Warriors","Oklahoma City Thunder","2016-03-03",350,"Golden State Warriors, Oklahoma City Thunder (03/03/2016)",1,4,2.5,0
"Golden State Warriors","Portland Trail Blazers","2016-03-11",297.99,"Golden State Warriors, Portland Trail Blazers (03/11/2016)",1,17,9,0
"Golden State Warriors","Portland Trail Blazers","2016-04-03",281.97,"Golden State Warriors, Portland Trail Blazers (04/03/2016)",1,17,9,0
"Golden State Warriors","Utah Jazz","2016-03-09",238,"Golden State Warriors, Utah Jazz (03/09/2016)",1,18,9.5,0
"Golden State Warriors","Philadelphia 76ers","2016-03-27",245,"Golden State Warriors, Philadelphia 76ers (03/27/2016)",1,30,15.5,0
"Golden State Warriors","Atlanta Hawks","2016-03-01",222.11,"Golden State Warriors, Atlanta Hawks (03/01/2016)",1,9,5,0
"Golden State Warriors","Minnesota Timberwolves","2016-04-05",223.88,"Golden State Warriors, Minnesota Timberwolves (04/05/2016)",1,27,14,0
"Golden State Warriors","San Antonio Spurs","2016-04-07",360.555,"Golden State Warriors, San Antonio Spurs (04/07/2016)",1,2,1.5,0
"San Antonio Spurs","Chicago Bulls","2016-03-10",199.99,"San Antonio Spurs, Chicago Bulls (03/10/2016)",2,10,6,0
"San Antonio Spurs","Golden State Warriors","2016-03-19",494.935,"San Antonio Spurs, Golden State Warriors (03/19/2016)",2,1,1.5,1
"San Antonio Spurs","Golden State Warriors","2016-04-10",410.8,"San Antonio Spurs, Golden State Warriors (04/10/2016)",2,1,1.5,1
"San Antonio Spurs","Memphis Grizzlies","2016-03-25",138.885,"San Antonio Spurs, Memphis Grizzlies (03/25/2016)",2,7,4.5,0
"San Antonio Spurs","Miami Heat","2016-03-23",163.35,"San Antonio Spurs, Miami Heat (03/23/2016)",2,8,5,0
"San Antonio Spurs","Orlando Magic","2016-02-01",46.995,"San Antonio Spurs, Orlando Magic (02/01/2016)",2,21,11.5,0
"San Antonio Spurs","Toronto Raptors","2016-04-02",120.42,"San Antonio Spurs, Toronto Raptors (04/02/2016)",2,5,3.5,0
"San Antonio Spurs","Detroit Pistons","2016-03-02",99.99,"San Antonio Spurs, Detroit Pistons (03/02/2016)",2,13,7.5,0
"San Antonio Spurs","Los Angeles Clippers","2016-03-15",221.9,"San Antonio Spurs, Los Angeles Clippers (03/15/2016)",2,6,4,0
"San Antonio Spurs","New Orleans Pelicans","2016-02-03",39,"San Antonio Spurs, New Orleans Pelicans (02/03/2016)",2,25,13.5,0
"San Antonio Spurs","New Orleans Pelicans","2016-03-30",117.18,"San Antonio Spurs, New Orleans Pelicans (03/30/2016)",2,25,13.5,0
"San Antonio Spurs","Oklahoma City Thunder","2016-03-12",342.86,"San Antonio Spurs, Oklahoma City Thunder (03/12/2016)",2,4,3,0
"San Antonio Spurs","Oklahoma City Thunder","2016-04-12",199.99,"San Antonio Spurs, Oklahoma City Thunder (04/12/2016)",2,4,3,0
"San Antonio Spurs","Portland Trail Blazers","2016-03-17",144.64,"San Antonio Spurs, Portland Trail Blazers (03/17/2016)",2,17,9.5,0
"San Antonio Spurs","Sacramento Kings","2016-03-05",163.48,"San Antonio Spurs, Sacramento Kings (03/05/2016)",2,22,12,0
"San Antonio Spurs","Los Angeles Lakers","2016-02-06",426.09,"San Antonio Spurs, Los Angeles Lakers (02/06/2016)",2,29,15.5,0
"Cleveland Cavaliers","Boston Celtics","2016-02-05",160,"Cleveland Cavaliers, Boston Celtics (02/05/2016)",3,11,7,0
"Cleveland Cavaliers","Boston Celtics","2016-03-05",302.09,"Cleveland Cavaliers, Boston Celtics (03/05/2016)",3,11,7,0
"Cleveland Cavaliers","Charlotte Hornets","2016-04-03",156.6,"Cleveland Cavaliers, Charlotte Hornets (04/03/2016)",3,16,9.5,0
"Cleveland Cavaliers","Charlotte Hornets","2016-02-24",152,"Cleveland Cavaliers, Charlotte Hornets (02/24/2016)",3,16,9.5,0
"Cleveland Cavaliers","Chicago Bulls","2016-02-18",202,"Cleveland Cavaliers, Chicago Bulls (02/18/2016)",3,10,6.5,0
"Cleveland Cavaliers","Dallas Mavericks","2016-03-16",119,"Cleveland Cavaliers, Dallas Mavericks (03/16/2016)",3,12,7.5,0
"Cleveland Cavaliers","Denver Nuggets","2016-03-21",84.5,"Cleveland Cavaliers, Denver Nuggets (03/21/2016)",3,24,13.5,0
"Cleveland Cavaliers","Houston Rockets","2016-03-29",166,"Cleveland Cavaliers, Houston Rockets (03/29/2016)",3,15,9,0
"Cleveland Cavaliers","Indiana Pacers","2016-02-29",86.52,"Cleveland Cavaliers, Indiana Pacers (02/29/2016)",3,14,8.5,0
"Cleveland Cavaliers","Memphis Grizzlies","2016-03-07",109,"Cleveland Cavaliers, Memphis Grizzlies (03/07/2016)",3,7,5,0
"Cleveland Cavaliers","Milwaukee Bucks","2016-03-23",87.275,"Cleveland Cavaliers, Milwaukee Bucks (03/23/2016)",3,23,13,0
"Cleveland Cavaliers","Washington Wizards","2016-03-04",185.5,"Cleveland Cavaliers, Washington Wizards (03/04/2016)",3,20,11.5,0
"Cleveland Cavaliers","Detroit Pistons","2016-02-22",77,"Cleveland Cavaliers, Detroit Pistons (02/22/2016)",3,13,8,0
"Cleveland Cavaliers","Detroit Pistons","2016-04-13",84.485,"Cleveland Cavaliers, Detroit Pistons (04/13/2016)",3,13,8,0
"Cleveland Cavaliers","New Orleans Pelicans","2016-02-06",177.19,"Cleveland Cavaliers, New Orleans Pelicans (02/06/2016)",3,25,14,0
"Cleveland Cavaliers","Sacramento Kings","2016-02-08",96.45,"Cleveland Cavaliers, Sacramento Kings (02/08/2016)",3,22,12.5,0
"Cleveland Cavaliers","Atlanta Hawks","2016-04-11",82.5,"Cleveland Cavaliers, Atlanta Hawks (04/11/2016)",3,9,6,0
"Cleveland Cavaliers","Brooklyn Nets","2016-03-31",92,"Cleveland Cavaliers, Brooklyn Nets (03/31/2016)",3,28,15.5,0
"Cleveland Cavaliers","Los Angeles Lakers","2016-02-10",303.49,"Cleveland Cavaliers, Los Angeles Lakers (02/10/2016)",3,29,16,0
"Oklahoma City Thunder","Cleveland Cavaliers","2016-02-21",325,"Oklahoma City Thunder, Cleveland Cavaliers (02/21/2016)",4,3,3.5,1
"Oklahoma City Thunder","Golden State Warriors","2016-02-27",438.1,"Oklahoma City Thunder, Golden State Warriors (02/27/2016)",4,1,2.5,1
"Oklahoma City Thunder","Houston Rockets","2016-03-22",156.98,"Oklahoma City Thunder, Houston Rockets (03/22/2016)",4,15,9.5,0
"Oklahoma City Thunder","Indiana Pacers","2016-02-19",141.54,"Oklahoma City Thunder, Indiana Pacers (02/19/2016)",4,14,9,0
"Oklahoma City Thunder","Orlando Magic","2016-02-03",50,"Oklahoma City Thunder, Orlando Magic (02/03/2016)",4,21,12.5,0
"Oklahoma City Thunder","Washington Wizards","2016-02-01",41.22,"Oklahoma City Thunder, Washington Wizards (02/01/2016)",4,20,12,0
"Oklahoma City Thunder","Los Angeles Clippers","2016-03-09",179.31,"Oklahoma City Thunder, Los Angeles Clippers (03/09/2016)",4,6,5,0
"Oklahoma City Thunder","Los Angeles Clippers","2016-03-31",182.74,"Oklahoma City Thunder, Los Angeles Clippers (03/31/2016)",4,6,5,0
"Oklahoma City Thunder","New Orleans Pelicans","2016-02-11",125,"Oklahoma City Thunder, New Orleans Pelicans (02/11/2016)",4,25,14.5,0
"Oklahoma City Thunder","Portland Trail Blazers","2016-03-14",140.86,"Oklahoma City Thunder, Portland Trail Blazers (03/14/2016)",4,17,10.5,0
"Oklahoma City Thunder","Utah Jazz","2016-03-24",105.8,"Oklahoma City Thunder, Utah Jazz (03/24/2016)",4,18,11,0
"Oklahoma City Thunder","Los Angeles Lakers","2016-04-11",390,"Oklahoma City Thunder, Los Angeles Lakers (04/11/2016)",4,29,16.5,0
"Oklahoma City Thunder","Minnesota Timberwolves","2016-03-11",139.22,"Oklahoma City Thunder, Minnesota Timberwolves (03/11/2016)",4,27,15.5,0
"Oklahoma City Thunder","San Antonio Spurs","2016-03-26",290.845,"Oklahoma City Thunder, San Antonio Spurs (03/26/2016)",4,2,3,1
"Toronto Raptors","Boston Celtics","2016-03-18",115,"Toronto Raptors, Boston Celtics (03/18/2016)",5,11,8,0
"Toronto Raptors","Charlotte Hornets","2016-04-05",82.02,"Toronto Raptors, Charlotte Hornets (04/05/2016)",5,16,10.5,0
"Toronto Raptors","Chicago Bulls","2016-03-14",131.72,"Toronto Raptors, Chicago Bulls (03/14/2016)",5,10,7.5,0
"Toronto Raptors","Cleveland Cavaliers","2016-02-26",218.375,"Toronto Raptors, Cleveland Cavaliers (02/26/2016)",5,3,4,1
"Toronto Raptors","Houston Rockets","2016-03-06",120,"Toronto Raptors, Houston Rockets (03/06/2016)",5,15,10,0
"Toronto Raptors","Indiana Pacers","2016-04-08",117.3,"Toronto Raptors, Indiana Pacers (04/08/2016)",5,14,9.5,0
"Toronto Raptors","Memphis Grizzlies","2016-02-21",103.59,"Toronto Raptors, Memphis Grizzlies (02/21/2016)",5,7,6,0
"Toronto Raptors","Miami Heat","2016-03-12",165.78,"Toronto Raptors, Miami Heat (03/12/2016)",5,8,6.5,0
"Toronto Raptors","Orlando Magic","2016-03-20",112.675,"Toronto Raptors, Orlando Magic (03/20/2016)",5,21,13,0
"Toronto Raptors","Oklahoma City Thunder","2016-03-28",147.2,"Toronto Raptors, Oklahoma City Thunder (03/28/2016)",5,4,4.5,1
"Toronto Raptors","Portland Trail Blazers","2016-03-04",120,"Toronto Raptors, Portland Trail Blazers (03/04/2016)",5,17,11,0
"Toronto Raptors","Utah Jazz","2016-03-02",79.995,"Toronto Raptors, Utah Jazz (03/02/2016)",5,18,11.5,0
"Toronto Raptors","Philadelphia 76ers","2016-04-12",94.3,"Toronto Raptors, Philadelphia 76ers (04/12/2016)",5,30,17.5,0
"Toronto Raptors","Atlanta Hawks","2016-03-30",94.3,"Toronto Raptors, Atlanta Hawks (03/30/2016)",5,9,7,0
"Toronto Raptors","Atlanta Hawks","2016-03-10",95,"Toronto Raptors, Atlanta Hawks (03/10/2016)",5,9,7,0
"Toronto Raptors","Brooklyn Nets","2016-03-08",90,"Toronto Raptors, Brooklyn Nets (03/08/2016)",5,28,16.5,0
"Toronto Raptors","Minnesota Timberwolves","2016-02-24",103.99,"Toronto Raptors, Minnesota Timberwolves (02/24/2016)",5,27,16,0
"Los Angeles Clippers","Boston Celtics","2016-03-28",110.135,"Los Angeles Clippers, Boston Celtics (03/28/2016)",6,11,8.5,0
"Los Angeles Clippers","Cleveland Cavaliers","2016-03-13",270.32,"Los Angeles Clippers, Cleveland Cavaliers (03/13/2016)",6,3,4.5,1
"Los Angeles Clippers","Dallas Mavericks","2016-04-10",99.32,"Los Angeles Clippers, Dallas Mavericks (04/10/2016)",6,12,9,0
"Los Angeles Clippers","Denver Nuggets","2016-02-24",73.07,"Los Angeles Clippers, Denver Nuggets (02/24/2016)",6,24,15,0
"Los Angeles Clippers","Denver Nuggets","2016-03-27",80.48,"Los Angeles Clippers, Denver Nuggets (03/27/2016)",6,24,15,0
"Los Angeles Clippers","Golden State Warriors","2016-02-20",400.76,"Los Angeles Clippers, Golden State Warriors (02/20/2016)",6,1,3.5,1
"Los Angeles Clippers","Memphis Grizzlies","2016-04-12",83.33,"Los Angeles Clippers, Memphis Grizzlies (04/12/2016)",6,7,6.5,0
"Los Angeles Clippers","Phoenix Suns","2016-02-22",71.115,"Los Angeles Clippers, Phoenix Suns (02/22/2016)",6,26,16,0
"Los Angeles Clippers","Washington Wizards","2016-04-03",85,"Los Angeles Clippers, Washington Wizards (04/03/2016)",6,20,13,0
"Los Angeles Clippers","New York Knicks","2016-03-11",125,"Los Angeles Clippers, New York Knicks (03/11/2016)",6,19,12.5,0
"Los Angeles Clippers","Oklahoma City Thunder","2016-03-02",170.57,"Los Angeles Clippers, Oklahoma City Thunder (03/02/2016)",6,4,5,1
"Los Angeles Clippers","Portland Trail Blazers","2016-03-24",83.33,"Los Angeles Clippers, Portland Trail Blazers (03/24/2016)",6,17,11.5,0
"Los Angeles Clippers","Atlanta Hawks","2016-03-05",99.985,"Los Angeles Clippers, Atlanta Hawks (03/05/2016)",6,9,7.5,0
"Los Angeles Clippers","Brooklyn Nets","2016-02-29",79.125,"Los Angeles Clippers, Brooklyn Nets (02/29/2016)",6,28,17,0
"Los Angeles Clippers","Los Angeles Lakers","2016-04-05",274,"Los Angeles Clippers, Los Angeles Lakers (04/05/2016)",6,29,17.5,0
"Los Angeles Clippers","Minnesota Timberwolves","2016-02-03",50,"Los Angeles Clippers, Minnesota Timberwolves (02/03/2016)",6,27,16.5,0
"Los Angeles Clippers","San Antonio Spurs","2016-02-18",166.83,"Los Angeles Clippers, San Antonio Spurs (02/18/2016)",6,2,4,1
"Memphis Grizzlies","Chicago Bulls","2016-04-05",128,"Memphis Grizzlies, Chicago Bulls (04/05/2016)",7,10,8.5,0
"Memphis Grizzlies","Dallas Mavericks","2016-02-06",100,"Memphis Grizzlies, Dallas Mavericks (02/06/2016)",7,12,9.5,0
"Memphis Grizzlies","Denver Nuggets","2016-03-30",63.63,"Memphis Grizzlies, Denver Nuggets (03/30/2016)",7,24,15.5,0
"Memphis Grizzlies","Golden State Warriors","2016-04-09",402.45,"Memphis Grizzlies, Golden State Warriors (04/09/2016)",7,1,4,1
"Memphis Grizzlies","Phoenix Suns","2016-03-06",82,"Memphis Grizzlies, Phoenix Suns (03/06/2016)",7,26,16.5,0
"Memphis Grizzlies","Toronto Raptors","2016-04-01",96.915,"Memphis Grizzlies, Toronto Raptors (04/01/2016)",7,5,6,1
"Memphis Grizzlies","Los Angeles Clippers","2016-03-19",163.82,"Memphis Grizzlies, Los Angeles Clippers (03/19/2016)",7,6,6.5,1
"Memphis Grizzlies","New Orleans Pelicans","2016-03-11",82.345,"Memphis Grizzlies, New Orleans Pelicans (03/11/2016)",7,25,16,0
"Memphis Grizzlies","Portland Trail Blazers","2016-02-08",51.75,"Memphis Grizzlies, Portland Trail Blazers (02/08/2016)",7,17,12,0
"Memphis Grizzlies","Sacramento Kings","2016-03-02",58.92,"Memphis Grizzlies, Sacramento Kings (03/02/2016)",7,22,14.5,0
"Memphis Grizzlies","Utah Jazz","2016-03-04",68.125,"Memphis Grizzlies, Utah Jazz (03/04/2016)",7,18,12.5,0
"Memphis Grizzlies","Los Angeles Lakers","2016-02-24",244.66,"Memphis Grizzlies, Los Angeles Lakers (02/24/2016)",7,29,18,0
"Memphis Grizzlies","Minnesota Timberwolves","2016-02-19",70,"Memphis Grizzlies, Minnesota Timberwolves (02/19/2016)",7,27,17,0
"Memphis Grizzlies","Minnesota Timberwolves","2016-03-16",65,"Memphis Grizzlies, Minnesota Timberwolves (03/16/2016)",7,27,17,0
"Memphis Grizzlies","San Antonio Spurs","2016-03-28",137.2,"Memphis Grizzlies, San Antonio Spurs (03/28/2016)",7,2,4.5,1
"Miami Heat","Charlotte Hornets","2016-03-17",80.26,"Miami Heat, Charlotte Hornets (03/17/2016)",8,16,12,0
"Miami Heat","Chicago Bulls","2016-04-07",137.62,"Miami Heat, Chicago Bulls (04/07/2016)",8,10,9,0
"Miami Heat","Chicago Bulls","2016-03-01",147.63,"Miami Heat, Chicago Bulls (03/01/2016)",8,10,9,0
"Miami Heat","Cleveland Cavaliers","2016-03-19",273.53,"Miami Heat, Cleveland Cavaliers (03/19/2016)",8,3,5.5,1
"Miami Heat","Denver Nuggets","2016-03-14",79,"Miami Heat, Denver Nuggets (03/14/2016)",8,24,16,0
"Miami Heat","Golden State Warriors","2016-02-24",299.26,"Miami Heat, Golden State Warriors (02/24/2016)",8,1,4.5,1
"Miami Heat","Indiana Pacers","2016-02-22",90.53,"Miami Heat, Indiana Pacers (02/22/2016)",8,14,11,0
"Miami Heat","Orlando Magic","2016-03-25",109,"Miami Heat, Orlando Magic (03/25/2016)",8,21,14.5,0
"Miami Heat","Orlando Magic","2016-04-10",91.18,"Miami Heat, Orlando Magic (04/10/2016)",8,21,14.5,0
"Miami Heat","Phoenix Suns","2016-03-03",78,"Miami Heat, Phoenix Suns (03/03/2016)",8,26,17,0
"Miami Heat","Washington Wizards","2016-02-20",118.135,"Miami Heat, Washington Wizards (02/20/2016)",8,20,14,0
"Miami Heat","Detroit Pistons","2016-04-05",78,"Miami Heat, Detroit Pistons (04/05/2016)",8,13,10.5,0
"Miami Heat","Los Angeles Clippers","2016-02-07",141.91,"Miami Heat, Los Angeles Clippers (02/07/2016)",8,6,7,1
"Miami Heat","Philadelphia 76ers","2016-03-06",84.01,"Miami Heat, Philadelphia 76ers (03/06/2016)",8,30,19,0
"Miami Heat","Brooklyn Nets","2016-03-28",85,"Miami Heat, Brooklyn Nets (03/28/2016)",8,28,18,0
"Miami Heat","San Antonio Spurs","2016-02-09",194.355,"Miami Heat, San Antonio Spurs (02/09/2016)",8,2,5,1
"Atlanta Hawks","Boston Celtics","2016-04-09",92.44,"Atlanta Hawks, Boston Celtics (04/09/2016)",9,11,10,0
"Atlanta Hawks","Charlotte Hornets","2016-02-28",65,"Atlanta Hawks, Charlotte Hornets (02/28/2016)",9,16,12.5,0
"Atlanta Hawks","Chicago Bulls","2016-02-26",144.44,"Atlanta Hawks, Chicago Bulls (02/26/2016)",9,10,9.5,0
"Atlanta Hawks","Cleveland Cavaliers","2016-04-01",300,"Atlanta Hawks, Cleveland Cavaliers (04/01/2016)",9,3,6,1
"Atlanta Hawks","Dallas Mavericks","2016-02-01",31,"Atlanta Hawks, Dallas Mavericks (02/01/2016)",9,12,10.5,0
"Atlanta Hawks","Denver Nuggets","2016-03-17",60,"Atlanta Hawks, Denver Nuggets (03/17/2016)",9,24,16.5,0
"Atlanta Hawks","Golden State Warriors","2016-02-22",374.1,"Atlanta Hawks, Golden State Warriors (02/22/2016)",9,1,5,1
"Atlanta Hawks","Houston Rockets","2016-03-19",125,"Atlanta Hawks, Houston Rockets (03/19/2016)",9,15,12,0
"Atlanta Hawks","Indiana Pacers","2016-02-05",79.52,"Atlanta Hawks, Indiana Pacers (02/05/2016)",9,14,11.5,0
"Atlanta Hawks","Indiana Pacers","2016-03-13",79,"Atlanta Hawks, Indiana Pacers (03/13/2016)",9,14,11.5,0
"Atlanta Hawks","Memphis Grizzlies","2016-03-12",97.605,"Atlanta Hawks, Memphis Grizzlies (03/12/2016)",9,7,8,1
"Atlanta Hawks","Miami Heat","2016-02-19",145,"Atlanta Hawks, Miami Heat (02/19/2016)",9,8,8.5,1
"Atlanta Hawks","Milwaukee Bucks","2016-02-20",74.79,"Atlanta Hawks, Milwaukee Bucks (02/20/2016)",9,23,16,0
"Atlanta Hawks","Milwaukee Bucks","2016-03-25",69.475,"Atlanta Hawks, Milwaukee Bucks (03/25/2016)",9,23,16,0
"Atlanta Hawks","Orlando Magic","2016-02-08",59.53,"Atlanta Hawks, Orlando Magic (02/08/2016)",9,21,15,0
"Atlanta Hawks","Phoenix Suns","2016-04-05",55,"Atlanta Hawks, Phoenix Suns (04/05/2016)",9,26,17.5,0
"Atlanta Hawks","Toronto Raptors","2016-04-07",65,"Atlanta Hawks, Toronto Raptors (04/07/2016)",9,5,7,1
"Atlanta Hawks","Washington Wizards","2016-03-21",71.7,"Atlanta Hawks, Washington Wizards (03/21/2016)",9,20,14.5,0
"Chicago Bulls","Cleveland Cavaliers","2016-04-09",264,"Chicago Bulls, Cleveland Cavaliers (04/09/2016)",10,3,6.5,1
"Chicago Bulls","Houston Rockets","2016-03-05",147.91,"Chicago Bulls, Houston Rockets (03/05/2016)",10,15,12.5,0
"Chicago Bulls","Miami Heat","2016-03-11",129.99,"Chicago Bulls, Miami Heat (03/11/2016)",10,8,9,1
"Chicago Bulls","Milwaukee Bucks","2016-03-07",97.01,"Chicago Bulls, Milwaukee Bucks (03/07/2016)",10,23,16.5,0
"Chicago Bulls","Toronto Raptors","2016-02-19",118.665,"Chicago Bulls, Toronto Raptors (02/19/2016)",10,5,7.5,1
"Chicago Bulls","Washington Wizards","2016-02-24",96.65,"Chicago Bulls, Washington Wizards (02/24/2016)",10,20,15,0
"Chicago Bulls","Detroit Pistons","2016-04-02",112.7,"Chicago Bulls, Detroit Pistons (04/02/2016)",10,13,11.5,0
"Chicago Bulls","New York Knicks","2016-03-23",111.325,"Chicago Bulls, New York Knicks (03/23/2016)",10,19,14.5,0
"Chicago Bulls","Portland Trail Blazers","2016-02-27",119.89,"Chicago Bulls, Portland Trail Blazers (02/27/2016)",10,17,13.5,0
"Chicago Bulls","Sacramento Kings","2016-03-21",97.87,"Chicago Bulls, Sacramento Kings (03/21/2016)",10,22,16,0
"Chicago Bulls","Utah Jazz","2016-03-19",112,"Chicago Bulls, Utah Jazz (03/19/2016)",10,18,14,0
"Chicago Bulls","Philadelphia 76ers","2016-04-13",93.01,"Chicago Bulls, Philadelphia 76ers (04/13/2016)",10,30,20,0
"Chicago Bulls","Atlanta Hawks","2016-02-10",93.01,"Chicago Bulls, Atlanta Hawks (02/10/2016)",10,9,9.5,1
"Chicago Bulls","Atlanta Hawks","2016-03-28",104.65,"Chicago Bulls, Atlanta Hawks (03/28/2016)",10,9,9.5,1
"Chicago Bulls","Brooklyn Nets","2016-03-17",100,"Chicago Bulls, Brooklyn Nets (03/17/2016)",10,28,19,0
"Chicago Bulls","Los Angeles Lakers","2016-02-21",369.47,"Chicago Bulls, Los Angeles Lakers (02/21/2016)",10,29,19.5,0
"Boston Celtics","Charlotte Hornets","2016-04-11",65.64,"Boston Celtics, Charlotte Hornets (04/11/2016)",11,16,13.5,0
"Boston Celtics","Houston Rockets","2016-03-11",119.99,"Boston Celtics, Houston Rockets (03/11/2016)",11,15,13,0
"Boston Celtics","Memphis Grizzlies","2016-03-09",70,"Boston Celtics, Memphis Grizzlies (03/09/2016)",11,7,9,1
"Boston Celtics","Miami Heat","2016-02-27",185.9,"Boston Celtics, Miami Heat (02/27/2016)",11,8,9.5,1
"Boston Celtics","Miami Heat","2016-04-13",88,"Boston Celtics, Miami Heat (04/13/2016)",11,8,9.5,1
"Boston Celtics","Milwaukee Bucks","2016-02-25",70,"Boston Celtics, Milwaukee Bucks (02/25/2016)",11,23,17,0
"Boston Celtics","Milwaukee Bucks","2016-04-08",87,"Boston Celtics, Milwaukee Bucks (04/08/2016)",11,23,17,0
"Boston Celtics","Orlando Magic","2016-03-21",65,"Boston Celtics, Orlando Magic (03/21/2016)",11,21,16,0
"Boston Celtics","Toronto Raptors","2016-03-23",71,"Boston Celtics, Toronto Raptors (03/23/2016)",11,5,8,1
"Boston Celtics","Detroit Pistons","2016-02-03",48,"Boston Celtics, Detroit Pistons (02/03/2016)",11,13,12,0
"Boston Celtics","Los Angeles Clippers","2016-02-10",112.195,"Boston Celtics, Los Angeles Clippers (02/10/2016)",11,6,8.5,1
"Boston Celtics","New Orleans Pelicans","2016-04-06",73,"Boston Celtics, New Orleans Pelicans (04/06/2016)",11,25,18,0
"Boston Celtics","New York Knicks","2016-03-04",138.75,"Boston Celtics, New York Knicks (03/04/2016)",11,19,15,0
"Boston Celtics","Oklahoma City Thunder","2016-03-16",157.535,"Boston Celtics, Oklahoma City Thunder (03/16/2016)",11,4,7.5,1
"Boston Celtics","Portland Trail Blazers","2016-03-02",68.015,"Boston Celtics, Portland Trail Blazers (03/02/2016)",11,17,14,0
"Boston Celtics","Sacramento Kings","2016-02-07",132.11,"Boston Celtics, Sacramento Kings (02/07/2016)",11,22,16.5,0
"Boston Celtics","Utah Jazz","2016-02-29",67.485,"Boston Celtics, Utah Jazz (02/29/2016)",11,18,14.5,0
"Dallas Mavericks","Denver Nuggets","2016-02-26",79,"Dallas Mavericks, Denver Nuggets (02/26/2016)",12,24,18,0
"Dallas Mavericks","Golden State Warriors","2016-03-18",194.95,"Dallas Mavericks, Golden State Warriors (03/18/2016)",12,1,6.5,1
"Dallas Mavericks","Houston Rockets","2016-04-06",117.155,"Dallas Mavericks, Houston Rockets (04/06/2016)",12,15,13.5,0
"Dallas Mavericks","Indiana Pacers","2016-03-12",90.35,"Dallas Mavericks, Indiana Pacers (03/12/2016)",12,14,13,0
"Dallas Mavericks","Memphis Grizzlies","2016-04-08",80,"Dallas Mavericks, Memphis Grizzlies (04/08/2016)",12,7,9.5,1
"Dallas Mavericks","Miami Heat","2016-02-03",69,"Dallas Mavericks, Miami Heat (02/03/2016)",12,8,10,1
"Dallas Mavericks","Orlando Magic","2016-03-01",51.8,"Dallas Mavericks, Orlando Magic (03/01/2016)",12,21,16.5,0
"Dallas Mavericks","Detroit Pistons","2016-03-09",66,"Dallas Mavericks, Detroit Pistons (03/09/2016)",12,13,12.5,0
"Dallas Mavericks","Los Angeles Clippers","2016-03-07",108.785,"Dallas Mavericks, Los Angeles Clippers (03/07/2016)",12,6,9,1
"Dallas Mavericks","New York Knicks","2016-03-30",91.5,"Dallas Mavericks, New York Knicks (03/30/2016)",12,19,15.5,0
"Dallas Mavericks","Oklahoma City Thunder","2016-02-24",112,"Dallas Mavericks, Oklahoma City Thunder (02/24/2016)",12,4,8,1
"Dallas Mavericks","Sacramento Kings","2016-03-03",52.69,"Dallas Mavericks, Sacramento Kings (03/03/2016)",12,22,17,0
"Dallas Mavericks","Utah Jazz","2016-02-09",50,"Dallas Mavericks, Utah Jazz (02/09/2016)",12,18,15,0
"Dallas Mavericks","Philadelphia 76ers","2016-02-21",54.5,"Dallas Mavericks, Philadelphia 76ers (02/21/2016)",12,30,21,0
"Dallas Mavericks","Minnesota Timberwolves","2016-02-28",73,"Dallas Mavericks, Minnesota Timberwolves (02/28/2016)",12,27,19.5,0
"Dallas Mavericks","San Antonio Spurs","2016-02-05",180,"Dallas Mavericks, San Antonio Spurs (02/05/2016)",12,2,7,1
"Dallas Mavericks","San Antonio Spurs","2016-04-13",125,"Dallas Mavericks, San Antonio Spurs (04/13/2016)",12,2,7,1
"Dallas Mavericks","Portland Trail Blazers","2016-03-20",79,"Dallas Mavericks, Portland Trail Blazers (03/20/2016)",12,17,14.5,0
"Detroit Pistons","Charlotte Hornets","2016-03-25",42.54,"Detroit Pistons, Charlotte Hornets (03/25/2016)",13,16,14.5,0
"Detroit Pistons","Dallas Mavericks","2016-04-01",44.99,"Detroit Pistons, Dallas Mavericks (04/01/2016)",13,12,12.5,1
"Detroit Pistons","Denver Nuggets","2016-02-10",82,"Detroit Pistons, Denver Nuggets (02/10/2016)",13,24,18.5,0
"Detroit Pistons","Miami Heat","2016-04-12",47.04,"Detroit Pistons, Miami Heat (04/12/2016)",13,8,10.5,1
"Detroit Pistons","Milwaukee Bucks","2016-03-21",32.68,"Detroit Pistons, Milwaukee Bucks (03/21/2016)",13,23,18,0
"Detroit Pistons","Orlando Magic","2016-03-23",30.87,"Detroit Pistons, Orlando Magic (03/23/2016)",13,21,17,0
"Detroit Pistons","Toronto Raptors","2016-02-08",37.98,"Detroit Pistons, Toronto Raptors (02/08/2016)",13,5,9,1
"Detroit Pistons","Toronto Raptors","2016-02-28",57.86,"Detroit Pistons, Toronto Raptors (02/28/2016)",13,5,9,1
"Detroit Pistons","Washington Wizards","2016-04-08",50,"Detroit Pistons, Washington Wizards (04/08/2016)",13,20,16.5,0
"Detroit Pistons","New Orleans Pelicans","2016-02-21",59.95,"Detroit Pistons, New Orleans Pelicans (02/21/2016)",13,25,19,0
"Detroit Pistons","New York Knicks","2016-02-04",37.63,"Detroit Pistons, New York Knicks (02/04/2016)",13,19,16,0
"Detroit Pistons","Oklahoma City Thunder","2016-03-29",72,"Detroit Pistons, Oklahoma City Thunder (03/29/2016)",13,4,8.5,1
"Detroit Pistons","Portland Trail Blazers","2016-03-06",39,"Detroit Pistons, Portland Trail Blazers (03/06/2016)",13,17,15,0
"Detroit Pistons","Sacramento Kings","2016-03-18",42.34,"Detroit Pistons, Sacramento Kings (03/18/2016)",13,22,17.5,0
"Detroit Pistons","Philadelphia 76ers","2016-02-24",28.13,"Detroit Pistons, Philadelphia 76ers (02/24/2016)",13,30,21.5,0
"Detroit Pistons","Atlanta Hawks","2016-03-16",37.24,"Detroit Pistons, Atlanta Hawks (03/16/2016)",13,9,11,1
"Detroit Pistons","Atlanta Hawks","2016-03-26",45.14,"Detroit Pistons, Atlanta Hawks (03/26/2016)",13,9,11,1
"Detroit Pistons","Brooklyn Nets","2016-03-19",46.48,"Detroit Pistons, Brooklyn Nets (03/19/2016)",13,28,20.5,0
"Indiana Pacers","Boston Celtics","2016-03-15",46.49,"Indiana Pacers, Boston Celtics (03/15/2016)",14,11,12.5,1
"Indiana Pacers","Charlotte Hornets","2016-02-26",66.2,"Indiana Pacers, Charlotte Hornets (02/26/2016)",14,16,15,0
"Indiana Pacers","Charlotte Hornets","2016-02-10",32.16,"Indiana Pacers, Charlotte Hornets (02/10/2016)",14,16,15,0
"Indiana Pacers","Chicago Bulls","2016-03-29",119.67,"Indiana Pacers, Chicago Bulls (03/29/2016)",14,10,12,1
"Indiana Pacers","Cleveland Cavaliers","2016-02-01",48,"Indiana Pacers, Cleveland Cavaliers (02/01/2016)",14,3,8.5,1
"Indiana Pacers","Cleveland Cavaliers","2016-04-06",139,"Indiana Pacers, Cleveland Cavaliers (04/06/2016)",14,3,8.5,1
"Indiana Pacers","Houston Rockets","2016-03-27",63.86,"Indiana Pacers, Houston Rockets (03/27/2016)",14,15,14.5,0
"Indiana Pacers","Orlando Magic","2016-03-31",39.135,"Indiana Pacers, Orlando Magic (03/31/2016)",14,21,17.5,0
"Indiana Pacers","Toronto Raptors","2016-03-17",45,"Indiana Pacers, Toronto Raptors (03/17/2016)",14,5,9.5,1
"Indiana Pacers","Detroit Pistons","2016-02-06",64.7,"Indiana Pacers, Detroit Pistons (02/06/2016)",14,13,13.5,1
"Indiana Pacers","New Orleans Pelicans","2016-03-24",46.8,"Indiana Pacers, New Orleans Pelicans (03/24/2016)",14,25,19.5,0
"Indiana Pacers","New York Knicks","2016-02-24",55.02,"Indiana Pacers, New York Knicks (02/24/2016)",14,19,16.5,0
"Indiana Pacers","New York Knicks","2016-04-12",52.42,"Indiana Pacers, New York Knicks (04/12/2016)",14,19,16.5,0
"Indiana Pacers","Oklahoma City Thunder","2016-03-19",172.7,"Indiana Pacers, Oklahoma City Thunder (03/19/2016)",14,4,9,1
"Indiana Pacers","Portland Trail Blazers","2016-02-28",67.08,"Indiana Pacers, Portland Trail Blazers (02/28/2016)",14,17,15.5,0
"Indiana Pacers","Philadelphia 76ers","2016-03-21",36.59,"Indiana Pacers, Philadelphia 76ers (03/21/2016)",14,30,22,0
"Indiana Pacers","Brooklyn Nets","2016-04-10",59.375,"Indiana Pacers, Brooklyn Nets (04/10/2016)",14,28,21,0
"Indiana Pacers","Los Angeles Lakers","2016-02-08",149.625,"Indiana Pacers, Los Angeles Lakers (02/08/2016)",14,29,21.5,0
"Indiana Pacers","San Antonio Spurs","2016-03-07",80,"Indiana Pacers, San Antonio Spurs (03/07/2016)",14,2,8,1
"Houston Rockets","Chicago Bulls","2016-03-31",132.3,"Houston Rockets, Chicago Bulls (03/31/2016)",15,10,12.5,1
"Houston Rockets","Memphis Grizzlies","2016-03-14",68.45,"Houston Rockets, Memphis Grizzlies (03/14/2016)",15,7,11,1
"Houston Rockets","Miami Heat","2016-02-02",84,"Houston Rockets, Miami Heat (02/02/2016)",15,8,11.5,1
"Houston Rockets","Phoenix Suns","2016-04-07",84,"Houston Rockets, Phoenix Suns (04/07/2016)",15,26,20.5,0
"Houston Rockets","Toronto Raptors","2016-03-25",96.795,"Houston Rockets, Toronto Raptors (03/25/2016)",15,5,10,1
"Houston Rockets","Los Angeles Clippers","2016-03-16",105,"Houston Rockets, Los Angeles Clippers (03/16/2016)",15,6,10.5,1
"Houston Rockets","New Orleans Pelicans","2016-03-02",71.485,"Houston Rockets, New Orleans Pelicans (03/02/2016)",15,25,20,0
"Houston Rockets","Oklahoma City Thunder","2016-04-03",170,"Houston Rockets, Oklahoma City Thunder (04/03/2016)",15,4,9.5,1
"Houston Rockets","Portland Trail Blazers","2016-02-06",74.2,"Houston Rockets, Portland Trail Blazers (02/06/2016)",15,17,16,0
"Houston Rockets","Sacramento Kings","2016-04-13",91.05,"Houston Rockets, Sacramento Kings (04/13/2016)",15,22,18.5,0
"Houston Rockets","Utah Jazz","2016-03-23",77.42,"Houston Rockets, Utah Jazz (03/23/2016)",15,18,16.5,0
"Houston Rockets","Los Angeles Lakers","2016-04-10",328.3,"Houston Rockets, Los Angeles Lakers (04/10/2016)",15,29,22,0
"Houston Rockets","Minnesota Timberwolves","2016-03-18",75,"Houston Rockets, Minnesota Timberwolves (03/18/2016)",15,27,21,0
"Houston Rockets","San Antonio Spurs","2016-02-27",221.94,"Houston Rockets, San Antonio Spurs (02/27/2016)",15,2,8.5,1
"Charlotte Hornets","Chicago Bulls","2016-02-08",90,"Charlotte Hornets, Chicago Bulls (02/08/2016)",16,10,13,1
"Charlotte Hornets","Cleveland Cavaliers","2016-02-03",215,"Charlotte Hornets, Cleveland Cavaliers (02/03/2016)",16,3,9.5,1
"Charlotte Hornets","Dallas Mavericks","2016-03-14",70,"Charlotte Hornets, Dallas Mavericks (03/14/2016)",16,12,14,1
"Charlotte Hornets","Denver Nuggets","2016-03-19",75,"Charlotte Hornets, Denver Nuggets (03/19/2016)",16,24,20,0
"Charlotte Hornets","Houston Rockets","2016-03-12",104.9,"Charlotte Hornets, Houston Rockets (03/12/2016)",16,15,15.5,1
"Charlotte Hornets","Indiana Pacers","2016-03-04",74.69,"Charlotte Hornets, Indiana Pacers (03/04/2016)",16,14,15,1
"Charlotte Hornets","Miami Heat","2016-02-05",149.26,"Charlotte Hornets, Miami Heat (02/05/2016)",16,8,12,1
"Charlotte Hornets","Orlando Magic","2016-03-16",56,"Charlotte Hornets, Orlando Magic (03/16/2016)",16,21,18.5,0
"Charlotte Hornets","Orlando Magic","2016-04-13",57.39,"Charlotte Hornets, Orlando Magic (04/13/2016)",16,21,18.5,0
"Charlotte Hornets","Phoenix Suns","2016-03-01",61,"Charlotte Hornets, Phoenix Suns (03/01/2016)",16,26,21,0
"Charlotte Hornets","Washington Wizards","2016-02-06",113.73,"Charlotte Hornets, Washington Wizards (02/06/2016)",16,20,18,0
"Charlotte Hornets","Detroit Pistons","2016-03-11",77.685,"Charlotte Hornets, Detroit Pistons (03/11/2016)",16,13,14.5,1
"Charlotte Hornets","New Orleans Pelicans","2016-03-09",65,"Charlotte Hornets, New Orleans Pelicans (03/09/2016)",16,25,20.5,0
"Charlotte Hornets","Philadelphia 76ers","2016-04-01",75.44,"Charlotte Hornets, Philadelphia 76ers (04/01/2016)",16,30,23,0
"Charlotte Hornets","Brooklyn Nets","2016-04-08",71.785,"Charlotte Hornets, Brooklyn Nets (04/08/2016)",16,28,22,0
"Charlotte Hornets","Minnesota Timberwolves","2016-03-07",60,"Charlotte Hornets, Minnesota Timberwolves (03/07/2016)",16,27,21.5,0
"Charlotte Hornets","San Antonio Spurs","2016-03-21",105,"Charlotte Hornets, San Antonio Spurs (03/21/2016)",16,2,9,1
"Portland Trail Blazers","Boston Celtics","2016-03-31",100,"Portland Trail Blazers, Boston Celtics (03/31/2016)",17,11,14,1
"Portland Trail Blazers","Dallas Mavericks","2016-03-23",101,"Portland Trail Blazers, Dallas Mavericks (03/23/2016)",17,12,14.5,1
"Portland Trail Blazers","Denver Nuggets","2016-04-13",86.555,"Portland Trail Blazers, Denver Nuggets (04/13/2016)",17,24,20.5,0
"Portland Trail Blazers","Golden State Warriors","2016-02-19",326.84,"Portland Trail Blazers, Golden State Warriors (02/19/2016)",17,1,9,1
"Portland Trail Blazers","Houston Rockets","2016-02-10",99.22,"Portland Trail Blazers, Houston Rockets (02/10/2016)",17,15,16,1
"Portland Trail Blazers","Houston Rockets","2016-02-25",108.47,"Portland Trail Blazers, Houston Rockets (02/25/2016)",17,15,16,1
"Portland Trail Blazers","Miami Heat","2016-04-02",152.57,"Portland Trail Blazers, Miami Heat (04/02/2016)",17,8,12.5,1
"Portland Trail Blazers","Milwaukee Bucks","2016-02-02",37.025,"Portland Trail Blazers, Milwaukee Bucks (02/02/2016)",17,23,20,0
"Portland Trail Blazers","Orlando Magic","2016-03-12",130.24,"Portland Trail Blazers, Orlando Magic (03/12/2016)",17,21,19,0
"Portland Trail Blazers","Toronto Raptors","2016-02-04",79.19,"Portland Trail Blazers, Toronto Raptors (02/04/2016)",17,5,11,1
"Portland Trail Blazers","Washington Wizards","2016-03-08",84.01,"Portland Trail Blazers, Washington Wizards (03/08/2016)",17,20,18.5,0
"Portland Trail Blazers","Oklahoma City Thunder","2016-04-06",140.3,"Portland Trail Blazers, Oklahoma City Thunder (04/06/2016)",17,4,10.5,1
"Portland Trail Blazers","Sacramento Kings","2016-03-28",76.5,"Portland Trail Blazers, Sacramento Kings (03/28/2016)",17,22,19.5,0
"Portland Trail Blazers","Utah Jazz","2016-02-21",99,"Portland Trail Blazers, Utah Jazz (02/21/2016)",17,18,17.5,0
"Portland Trail Blazers","Philadelphia 76ers","2016-03-26",100,"Portland Trail Blazers, Philadelphia 76ers (03/26/2016)",17,30,23.5,0
"Portland Trail Blazers","Brooklyn Nets","2016-02-23",75,"Portland Trail Blazers, Brooklyn Nets (02/23/2016)",17,28,22.5,0
"Portland Trail Blazers","Minnesota Timberwolves","2016-04-09",98.25,"Portland Trail Blazers, Minnesota Timberwolves (04/09/2016)",17,27,22,0
"Utah Jazz","Boston Celtics","2016-02-19",45.98,"Utah Jazz, Boston Celtics (02/19/2016)",18,11,14.5,1
"Utah Jazz","Chicago Bulls","2016-02-01",24.575,"Utah Jazz, Chicago Bulls (02/01/2016)",18,10,14,1
"Utah Jazz","Cleveland Cavaliers","2016-03-14",139.99,"Utah Jazz, Cleveland Cavaliers (03/14/2016)",18,3,10.5,1
"Utah Jazz","Dallas Mavericks","2016-04-11",38.99,"Utah Jazz, Dallas Mavericks (04/11/2016)",18,12,15,1
"Utah Jazz","Denver Nuggets","2016-02-03",20.97,"Utah Jazz, Denver Nuggets (02/03/2016)",18,24,21,0
"Utah Jazz","Golden State Warriors","2016-03-30",75,"Utah Jazz, Golden State Warriors (03/30/2016)",18,1,9.5,1
"Utah Jazz","Houston Rockets","2016-02-23",35.49,"Utah Jazz, Houston Rockets (02/23/2016)",18,15,16.5,1
"Utah Jazz","Milwaukee Bucks","2016-02-05",35,"Utah Jazz, Milwaukee Bucks (02/05/2016)",18,23,20.5,0
"Utah Jazz","Phoenix Suns","2016-03-17",32.34,"Utah Jazz, Phoenix Suns (03/17/2016)",18,26,22,0
"Utah Jazz","Washington Wizards","2016-03-11",60.09,"Utah Jazz, Washington Wizards (03/11/2016)",18,20,19,0
"Utah Jazz","Los Angeles Clippers","2016-04-08",75,"Utah Jazz, Los Angeles Clippers (04/08/2016)",18,6,12,1
"Utah Jazz","Atlanta Hawks","2016-03-08",36.195,"Utah Jazz, Atlanta Hawks (03/08/2016)",18,9,13.5,1
"Utah Jazz","Brooklyn Nets","2016-02-27",44.23,"Utah Jazz, Brooklyn Nets (02/27/2016)",18,28,23,0
"Utah Jazz","Los Angeles Lakers","2016-03-28",85.06,"Utah Jazz, Los Angeles Lakers (03/28/2016)",18,29,23.5,0
"Utah Jazz","Minnesota Timberwolves","2016-04-01",45.28,"Utah Jazz, Minnesota Timberwolves (04/01/2016)",18,27,22.5,0
"Utah Jazz","San Antonio Spurs","2016-04-05",53.505,"Utah Jazz, San Antonio Spurs (04/05/2016)",18,2,10,1
"Utah Jazz","San Antonio Spurs","2016-02-25",41.985,"Utah Jazz, San Antonio Spurs (02/25/2016)",18,2,10,1
"New York Knicks","Boston Celtics","2016-02-02",91.8,"New York Knicks, Boston Celtics (02/02/2016)",19,11,15,1
"New York Knicks","Charlotte Hornets","2016-04-06",140,"New York Knicks, Charlotte Hornets (04/06/2016)",19,16,17.5,1
"New York Knicks","Chicago Bulls","2016-03-24",265,"New York Knicks, Chicago Bulls (03/24/2016)",19,10,14.5,1
"New York Knicks","Cleveland Cavaliers","2016-03-26",359.72,"New York Knicks, Cleveland Cavaliers (03/26/2016)",19,3,11,1
"New York Knicks","Denver Nuggets","2016-02-07",130,"New York Knicks, Denver Nuggets (02/07/2016)",19,24,21.5,0
"New York Knicks","Indiana Pacers","2016-04-03",150,"New York Knicks, Indiana Pacers (04/03/2016)",19,14,16.5,1
"New York Knicks","Memphis Grizzlies","2016-02-05",133.055,"New York Knicks, Memphis Grizzlies (02/05/2016)",19,7,13,1
"New York Knicks","Miami Heat","2016-02-28",200,"New York Knicks, Miami Heat (02/28/2016)",19,8,13.5,1
"New York Knicks","Orlando Magic","2016-02-26",153.7,"New York Knicks, Orlando Magic (02/26/2016)",19,21,20,0
"New York Knicks","Toronto Raptors","2016-02-22",149.41,"New York Knicks, Toronto Raptors (02/22/2016)",19,5,12,1
"New York Knicks","Toronto Raptors","2016-04-10",185.075,"New York Knicks, Toronto Raptors (04/10/2016)",19,5,12,1
"New York Knicks","Washington Wizards","2016-02-09",139.99,"New York Knicks, Washington Wizards (02/09/2016)",19,20,19.5,0
"New York Knicks","Detroit Pistons","2016-03-05",175,"New York Knicks, Detroit Pistons (03/05/2016)",19,13,16,1
"New York Knicks","Portland Trail Blazers","2016-03-01",132,"New York Knicks, Portland Trail Blazers (03/01/2016)",19,17,18,1
"New York Knicks","Sacramento Kings","2016-03-20",150.94,"New York Knicks, Sacramento Kings (03/20/2016)",19,22,20.5,0
"New York Knicks","Brooklyn Nets","2016-04-01",181.75,"New York Knicks, Brooklyn Nets (04/01/2016)",19,28,23.5,0
"Washington Wizards","Charlotte Hornets","2016-04-10",63,"Washington Wizards, Charlotte Hornets (04/10/2016)",20,16,18,1
"Washington Wizards","Chicago Bulls","2016-03-16",118,"Washington Wizards, Chicago Bulls (03/16/2016)",20,10,15,1
"Washington Wizards","Cleveland Cavaliers","2016-02-28",223,"Washington Wizards, Cleveland Cavaliers (02/28/2016)",20,3,11.5,1
"Washington Wizards","Golden State Warriors","2016-02-03",298.5,"Washington Wizards, Golden State Warriors (02/03/2016)",20,1,10.5,1
"Washington Wizards","Indiana Pacers","2016-03-05",73.825,"Washington Wizards, Indiana Pacers (03/05/2016)",20,14,17,1
"Washington Wizards","Detroit Pistons","2016-02-19",57.065,"Washington Wizards, Detroit Pistons (02/19/2016)",20,13,16.5,1
"Washington Wizards","Detroit Pistons","2016-03-14",51.01,"Washington Wizards, Detroit Pistons (03/14/2016)",20,13,16.5,1
"Washington Wizards","New Orleans Pelicans","2016-02-23",52.965,"Washington Wizards, New Orleans Pelicans (02/23/2016)",20,25,22.5,0
"Washington Wizards","New York Knicks","2016-03-19",105.88,"Washington Wizards, New York Knicks (03/19/2016)",20,19,19.5,1
"Washington Wizards","Utah Jazz","2017-01-23",30,"Washington Wizards, Utah Jazz (01/23/2017)",20,18,19,1
"Washington Wizards","Philadelphia 76ers","2016-02-05",48.81,"Washington Wizards, Philadelphia 76ers (02/05/2016)",20,30,25,0
"Washington Wizards","Philadelphia 76ers","2016-02-29",41.01,"Washington Wizards, Philadelphia 76ers (02/29/2016)",20,30,25,0
"Washington Wizards","Atlanta Hawks","2016-03-23",61.77,"Washington Wizards, Atlanta Hawks (03/23/2016)",20,9,14.5,1
"Washington Wizards","Atlanta Hawks","2016-04-13",69.99,"Washington Wizards, Atlanta Hawks (04/13/2016)",20,9,14.5,1
"Washington Wizards","Brooklyn Nets","2016-04-06",59.97,"Washington Wizards, Brooklyn Nets (04/06/2016)",20,28,24,0
"Washington Wizards","Minnesota Timberwolves","2016-03-25",64.095,"Washington Wizards, Minnesota Timberwolves (03/25/2016)",20,27,23.5,0
"Orlando Magic","Chicago Bulls","2016-03-02",149.26,"Orlando Magic, Chicago Bulls (03/02/2016)",21,10,15.5,1
"Orlando Magic","Chicago Bulls","2016-03-26",154.1,"Orlando Magic, Chicago Bulls (03/26/2016)",21,10,15.5,1
"Orlando Magic","Cleveland Cavaliers","2016-03-18",227.5,"Orlando Magic, Cleveland Cavaliers (03/18/2016)",21,3,12,1
"Orlando Magic","Dallas Mavericks","2016-02-19",97.87,"Orlando Magic, Dallas Mavericks (02/19/2016)",21,12,16.5,1
"Orlando Magic","Denver Nuggets","2016-03-15",70.065,"Orlando Magic, Denver Nuggets (03/15/2016)",21,24,22.5,0
"Orlando Magic","Golden State Warriors","2016-02-25",282.56,"Orlando Magic, Golden State Warriors (02/25/2016)",21,1,11,1
"Orlando Magic","Indiana Pacers","2016-02-21",75,"Orlando Magic, Indiana Pacers (02/21/2016)",21,14,17.5,1
"Orlando Magic","Memphis Grizzlies","2016-04-03",80,"Orlando Magic, Memphis Grizzlies (04/03/2016)",21,7,14,1
"Orlando Magic","Miami Heat","2016-04-08",176.75,"Orlando Magic, Miami Heat (04/08/2016)",21,8,14.5,1
"Orlando Magic","Milwaukee Bucks","2016-04-11",77.385,"Orlando Magic, Milwaukee Bucks (04/11/2016)",21,23,22,0
"Orlando Magic","Phoenix Suns","2016-03-04",75,"Orlando Magic, Phoenix Suns (03/04/2016)",21,26,23.5,0
"Orlando Magic","Detroit Pistons","2016-04-06",75,"Orlando Magic, Detroit Pistons (04/06/2016)",21,13,17,1
"Orlando Magic","Los Angeles Clippers","2016-02-05",109.95,"Orlando Magic, Los Angeles Clippers (02/05/2016)",21,6,13.5,1
"Orlando Magic","Philadelphia 76ers","2016-02-28",69,"Orlando Magic, Philadelphia 76ers (02/28/2016)",21,30,25.5,0
"Orlando Magic","Atlanta Hawks","2016-02-07",74.815,"Orlando Magic, Atlanta Hawks (02/07/2016)",21,9,15,1
"Orlando Magic","Brooklyn Nets","2016-03-29",75,"Orlando Magic, Brooklyn Nets (03/29/2016)",21,28,24.5,0
"Orlando Magic","San Antonio Spurs","2016-02-10",149.63,"Orlando Magic, San Antonio Spurs (02/10/2016)",21,2,11.5,1
"Sacramento Kings","Chicago Bulls","2016-02-03",119,"Sacramento Kings, Chicago Bulls (02/03/2016)",22,10,16,1
"Sacramento Kings","Cleveland Cavaliers","2016-03-09",192,"Sacramento Kings, Cleveland Cavaliers (03/09/2016)",22,3,12.5,1
"Sacramento Kings","Dallas Mavericks","2016-03-27",101.4,"Sacramento Kings, Dallas Mavericks (03/27/2016)",22,12,17,1
"Sacramento Kings","Denver Nuggets","2016-02-19",100,"Sacramento Kings, Denver Nuggets (02/19/2016)",22,24,23,0
"Sacramento Kings","Miami Heat","2016-04-01",141.5,"Sacramento Kings, Miami Heat (04/01/2016)",22,8,15,1
"Sacramento Kings","Milwaukee Bucks","2016-02-01",30,"Sacramento Kings, Milwaukee Bucks (02/01/2016)",22,23,22.5,0
"Sacramento Kings","Orlando Magic","2016-03-11",70.715,"Sacramento Kings, Orlando Magic (03/11/2016)",22,21,21.5,1
"Sacramento Kings","Phoenix Suns","2016-03-25",71.32,"Sacramento Kings, Phoenix Suns (03/25/2016)",22,26,24,0
"Sacramento Kings","Washington Wizards","2016-03-30",71.5,"Sacramento Kings, Washington Wizards (03/30/2016)",22,20,21,1
"Sacramento Kings","Los Angeles Clippers","2016-02-26",158.65,"Sacramento Kings, Los Angeles Clippers (02/26/2016)",22,6,14,1
"Sacramento Kings","New Orleans Pelicans","2016-03-16",63.345,"Sacramento Kings, New Orleans Pelicans (03/16/2016)",22,25,23.5,0
"Sacramento Kings","Oklahoma City Thunder","2016-04-09",300,"Sacramento Kings, Oklahoma City Thunder (04/09/2016)",22,4,13,1
"Sacramento Kings","Oklahoma City Thunder","2016-02-29",130.5,"Sacramento Kings, Oklahoma City Thunder (02/29/2016)",22,4,13,1
"Sacramento Kings","Portland Trail Blazers","2016-04-05",85,"Sacramento Kings, Portland Trail Blazers (04/05/2016)",22,17,19.5,1
"Sacramento Kings","Utah Jazz","2016-03-13",75,"Sacramento Kings, Utah Jazz (03/13/2016)",22,18,20,1
"Sacramento Kings","Minnesota Timberwolves","2016-04-07",78,"Sacramento Kings, Minnesota Timberwolves (04/07/2016)",22,27,24.5,0
"Sacramento Kings","San Antonio Spurs","2016-02-24",120,"Sacramento Kings, San Antonio Spurs (02/24/2016)",22,2,12,1
"Milwaukee Bucks","Boston Celtics","2016-02-09",40,"Milwaukee Bucks, Boston Celtics (02/09/2016)",23,11,17,1
"Milwaukee Bucks","Charlotte Hornets","2016-02-19",58,"Milwaukee Bucks, Charlotte Hornets (02/19/2016)",23,16,19.5,1
"Milwaukee Bucks","Charlotte Hornets","2016-03-26",54,"Milwaukee Bucks, Charlotte Hornets (03/26/2016)",23,16,19.5,1
"Milwaukee Bucks","Chicago Bulls","2016-04-03",103.5,"Milwaukee Bucks, Chicago Bulls (04/03/2016)",23,10,16.5,1
"Milwaukee Bucks","Cleveland Cavaliers","2016-04-05",95.005,"Milwaukee Bucks, Cleveland Cavaliers (04/05/2016)",23,3,13,1
"Milwaukee Bucks","Houston Rockets","2016-02-29",55,"Milwaukee Bucks, Houston Rockets (02/29/2016)",23,15,19,1
"Milwaukee Bucks","Indiana Pacers","2016-03-02",53.15,"Milwaukee Bucks, Indiana Pacers (03/02/2016)",23,14,18.5,1
"Milwaukee Bucks","Indiana Pacers","2016-04-13",52.745,"Milwaukee Bucks, Indiana Pacers (04/13/2016)",23,14,18.5,1
"Milwaukee Bucks","Memphis Grizzlies","2016-03-17",42.75,"Milwaukee Bucks, Memphis Grizzlies (03/17/2016)",23,7,15,1
"Milwaukee Bucks","Miami Heat","2016-03-09",50,"Milwaukee Bucks, Miami Heat (03/09/2016)",23,8,15.5,1
"Milwaukee Bucks","Orlando Magic","2016-04-01",49.95,"Milwaukee Bucks, Orlando Magic (04/01/2016)",23,21,22,1
"Milwaukee Bucks","Phoenix Suns","2016-03-30",37.95,"Milwaukee Bucks, Phoenix Suns (03/30/2016)",23,26,24.5,0
"Milwaukee Bucks","Toronto Raptors","2016-03-15",49,"Milwaukee Bucks, Toronto Raptors (03/15/2016)",23,5,14,1
"Milwaukee Bucks","Washington Wizards","2016-02-11",43.01,"Milwaukee Bucks, Washington Wizards (02/11/2016)",23,20,21.5,1
"Milwaukee Bucks","Detroit Pistons","2016-02-27",60,"Milwaukee Bucks, Detroit Pistons (02/27/2016)",23,13,18,1
"Milwaukee Bucks","New Orleans Pelicans","2016-03-12",67.5,"Milwaukee Bucks, New Orleans Pelicans (03/12/2016)",23,25,24,0
"Milwaukee Bucks","Oklahoma City Thunder","2016-03-06",104.925,"Milwaukee Bucks, Oklahoma City Thunder (03/06/2016)",23,4,13.5,1
"Milwaukee Bucks","Utah Jazz","2016-03-20",51,"Milwaukee Bucks, Utah Jazz (03/20/2016)",23,18,20.5,1
"Milwaukee Bucks","Los Angeles Lakers","2016-02-22",169.99,"Milwaukee Bucks, Los Angeles Lakers (02/22/2016)",23,29,26,0
"Milwaukee Bucks","Minnesota Timberwolves","2016-03-04",54.34,"Milwaukee Bucks, Minnesota Timberwolves (03/04/2016)",23,27,25,0
"Denver Nuggets","Boston Celtics","2016-02-21",146.51,"Denver Nuggets, Boston Celtics (02/21/2016)",24,11,17.5,1
"Denver Nuggets","Chicago Bulls","2016-02-05",176.4,"Denver Nuggets, Chicago Bulls (02/05/2016)",24,10,17,1
"Denver Nuggets","Dallas Mavericks","2016-03-28",103.88,"Denver Nuggets, Dallas Mavericks (03/28/2016)",24,12,18,1
"Denver Nuggets","Dallas Mavericks","2016-03-06",137.69,"Denver Nuggets, Dallas Mavericks (03/06/2016)",24,12,18,1
"Denver Nuggets","Memphis Grizzlies","2016-02-29",89.1,"Denver Nuggets, Memphis Grizzlies (02/29/2016)",24,7,15.5,1
"Denver Nuggets","Phoenix Suns","2016-03-10",83.79,"Denver Nuggets, Phoenix Suns (03/10/2016)",24,26,25,0
"Denver Nuggets","Toronto Raptors","2016-02-01",63.7,"Denver Nuggets, Toronto Raptors (02/01/2016)",24,5,14.5,1
"Denver Nuggets","Washington Wizards","2016-03-12",121.03,"Denver Nuggets, Washington Wizards (03/12/2016)",24,20,22,1
"Denver Nuggets","New York Knicks","2016-03-08",115.64,"Denver Nuggets, New York Knicks (03/08/2016)",24,19,21.5,1
"Denver Nuggets","Oklahoma City Thunder","2016-04-05",131.32,"Denver Nuggets, Oklahoma City Thunder (04/05/2016)",24,4,14,1
"Denver Nuggets","Sacramento Kings","2016-04-02",90,"Denver Nuggets, Sacramento Kings (04/02/2016)",24,22,23,1
"Denver Nuggets","Sacramento Kings","2016-02-23",83.3,"Denver Nuggets, Sacramento Kings (02/23/2016)",24,22,23,1
"Denver Nuggets","Utah Jazz","2016-04-10",103.88,"Denver Nuggets, Utah Jazz (04/10/2016)",24,18,21,1
"Denver Nuggets","Philadelphia 76ers","2016-03-23",99,"Denver Nuggets, Philadelphia 76ers (03/23/2016)",24,30,27,0
"Denver Nuggets","Brooklyn Nets","2016-03-04",96.04,"Denver Nuggets, Brooklyn Nets (03/04/2016)",24,28,26,0
"Denver Nuggets","Los Angeles Lakers","2016-03-02",223.44,"Denver Nuggets, Los Angeles Lakers (03/02/2016)",24,29,26.5,0
"Denver Nuggets","San Antonio Spurs","2016-04-08",156.8,"Denver Nuggets, San Antonio Spurs (04/08/2016)",24,2,13,1
"New Orleans Pelicans","Chicago Bulls","2016-04-11",81.25,"New Orleans Pelicans, Chicago Bulls (04/11/2016)",25,10,17.5,1
"New Orleans Pelicans","Denver Nuggets","2016-03-31",42.4,"New Orleans Pelicans, Denver Nuggets (03/31/2016)",25,24,24.5,1
"New Orleans Pelicans","Memphis Grizzlies","2016-02-01",16,"New Orleans Pelicans, Memphis Grizzlies (02/01/2016)",25,7,16,1
"New Orleans Pelicans","Miami Heat","2016-03-22",60,"New Orleans Pelicans, Miami Heat (03/22/2016)",25,8,16.5,1
"New Orleans Pelicans","Phoenix Suns","2016-04-09",55.12,"New Orleans Pelicans, Phoenix Suns (04/09/2016)",25,26,25.5,0
"New Orleans Pelicans","Toronto Raptors","2016-03-26",55.06,"New Orleans Pelicans, Toronto Raptors (03/26/2016)",25,5,15,1
"New Orleans Pelicans","Los Angeles Clippers","2016-03-20",75.85,"New Orleans Pelicans, Los Angeles Clippers (03/20/2016)",25,6,15.5,1
"New Orleans Pelicans","New York Knicks","2016-03-28",54.6,"New Orleans Pelicans, New York Knicks (03/28/2016)",25,19,22,1
"New Orleans Pelicans","Oklahoma City Thunder","2016-02-25",68.88,"New Orleans Pelicans, Oklahoma City Thunder (02/25/2016)",25,4,14.5,1
"New Orleans Pelicans","Portland Trail Blazers","2016-03-18",47.5,"New Orleans Pelicans, Portland Trail Blazers (03/18/2016)",25,17,21,1
"New Orleans Pelicans","Sacramento Kings","2016-03-07",37.1,"New Orleans Pelicans, Sacramento Kings (03/07/2016)",25,22,23.5,1
"New Orleans Pelicans","Utah Jazz","2016-02-10",29.7,"New Orleans Pelicans, Utah Jazz (02/10/2016)",25,18,21.5,1
"New Orleans Pelicans","Utah Jazz","2016-03-05",51.8,"New Orleans Pelicans, Utah Jazz (03/05/2016)",25,18,21.5,1
"New Orleans Pelicans","Philadelphia 76ers","2016-02-19",34.1,"New Orleans Pelicans, Philadelphia 76ers (02/19/2016)",25,30,27.5,0
"New Orleans Pelicans","Los Angeles Lakers","2016-04-08",90,"New Orleans Pelicans, Los Angeles Lakers (04/08/2016)",25,29,27,0
"New Orleans Pelicans","Los Angeles Lakers","2016-02-04",95.58,"New Orleans Pelicans, Los Angeles Lakers (02/04/2016)",25,29,27,0
"New Orleans Pelicans","Minnesota Timberwolves","2016-02-27",51,"New Orleans Pelicans, Minnesota Timberwolves (02/27/2016)",25,27,26,0
"New Orleans Pelicans","San Antonio Spurs","2016-03-03",61.48,"New Orleans Pelicans, San Antonio Spurs (03/03/2016)",25,2,13.5,1
"Phoenix Suns","Boston Celtics","2016-03-26",90,"Phoenix Suns, Boston Celtics (03/26/2016)",26,11,18.5,1
"Phoenix Suns","Golden State Warriors","2016-02-10",177.75,"Phoenix Suns, Golden State Warriors (02/10/2016)",26,1,13.5,1
"Phoenix Suns","Houston Rockets","2016-02-19",87,"Phoenix Suns, Houston Rockets (02/19/2016)",26,15,20.5,1
"Phoenix Suns","Houston Rockets","2016-02-04",58.4,"Phoenix Suns, Houston Rockets (02/04/2016)",26,15,20.5,1
"Phoenix Suns","Memphis Grizzlies","2016-03-21",65,"Phoenix Suns, Memphis Grizzlies (03/21/2016)",26,7,16.5,1
"Phoenix Suns","Memphis Grizzlies","2016-02-27",67,"Phoenix Suns, Memphis Grizzlies (02/27/2016)",26,7,16.5,1
"Phoenix Suns","Toronto Raptors","2016-02-02",35,"Phoenix Suns, Toronto Raptors (02/02/2016)",26,5,15.5,1
"Phoenix Suns","Washington Wizards","2016-04-01",63.7,"Phoenix Suns, Washington Wizards (04/01/2016)",26,20,23,1
"Phoenix Suns","Los Angeles Clippers","2016-04-13",94,"Phoenix Suns, Los Angeles Clippers (04/13/2016)",26,6,16,1
"Phoenix Suns","New York Knicks","2016-03-09",77.42,"Phoenix Suns, New York Knicks (03/09/2016)",26,19,22.5,1
"Phoenix Suns","Oklahoma City Thunder","2016-02-08",75,"Phoenix Suns, Oklahoma City Thunder (02/08/2016)",26,4,15,1
"Phoenix Suns","Sacramento Kings","2016-04-11",55,"Phoenix Suns, Sacramento Kings (04/11/2016)",26,22,24,1
"Phoenix Suns","Utah Jazz","2016-04-03",66.72,"Phoenix Suns, Utah Jazz (04/03/2016)",26,18,22,1
"Phoenix Suns","Utah Jazz","2016-02-06",50,"Phoenix Suns, Utah Jazz (02/06/2016)",26,18,22,1
"Phoenix Suns","Brooklyn Nets","2016-02-25",50,"Phoenix Suns, Brooklyn Nets (02/25/2016)",26,28,27,0
"Phoenix Suns","Los Angeles Lakers","2016-03-23",187,"Phoenix Suns, Los Angeles Lakers (03/23/2016)",26,29,27.5,0
"Phoenix Suns","Minnesota Timberwolves","2016-03-14",71,"Phoenix Suns, Minnesota Timberwolves (03/14/2016)",26,27,26.5,0
"Phoenix Suns","San Antonio Spurs","2016-02-21",93,"Phoenix Suns, San Antonio Spurs (02/21/2016)",26,2,14,1
"Minnesota Timberwolves","Boston Celtics","2016-02-22",79,"Minnesota Timberwolves, Boston Celtics (02/22/2016)",27,11,19,1
"Minnesota Timberwolves","Chicago Bulls","2016-02-06",495,"Minnesota Timberwolves, Chicago Bulls (02/06/2016)",27,10,18.5,1
"Minnesota Timberwolves","Golden State Warriors","2016-03-21",327.5,"Minnesota Timberwolves, Golden State Warriors (03/21/2016)",27,1,14,1
"Minnesota Timberwolves","Houston Rockets","2016-04-11",38,"Minnesota Timberwolves, Houston Rockets (04/11/2016)",27,15,21,1
"Minnesota Timberwolves","Toronto Raptors","2016-02-10",90.95,"Minnesota Timberwolves, Toronto Raptors (02/10/2016)",27,5,16,1
"Minnesota Timberwolves","Los Angeles Clippers","2016-03-30",97.5,"Minnesota Timberwolves, Los Angeles Clippers (03/30/2016)",27,6,16.5,1
"Minnesota Timberwolves","New Orleans Pelicans","2016-04-13",400,"Minnesota Timberwolves, New Orleans Pelicans (04/13/2016)",27,25,26,1
"Minnesota Timberwolves","New York Knicks","2016-02-20",117,"Minnesota Timberwolves, New York Knicks (02/20/2016)",27,19,23,1
"Brooklyn Nets","Charlotte Hornets","2016-02-21",85.26,"Brooklyn Nets, Charlotte Hornets (02/21/2016)",28,16,22,1
"Brooklyn Nets","Charlotte Hornets","2016-03-22",92.12,"Brooklyn Nets, Charlotte Hornets (03/22/2016)",28,16,22,1
"Brooklyn Nets","Cleveland Cavaliers","2016-03-24",240.1,"Brooklyn Nets, Cleveland Cavaliers (03/24/2016)",28,3,15.5,1
"Brooklyn Nets","Denver Nuggets","2016-02-08",73.5,"Brooklyn Nets, Denver Nuggets (02/08/2016)",28,24,26,1
"Brooklyn Nets","Indiana Pacers","2016-02-03",70.56,"Brooklyn Nets, Indiana Pacers (02/03/2016)",28,14,21,1
"Brooklyn Nets","Indiana Pacers","2016-03-26",133.28,"Brooklyn Nets, Indiana Pacers (03/26/2016)",28,14,21,1
"Brooklyn Nets","Memphis Grizzlies","2016-02-10",75.95,"Brooklyn Nets, Memphis Grizzlies (02/10/2016)",28,7,17.5,1
"Brooklyn Nets","Milwaukee Bucks","2016-03-13",96.04,"Brooklyn Nets, Milwaukee Bucks (03/13/2016)",28,23,25.5,1
"Brooklyn Nets","Toronto Raptors","2016-04-13",112.7,"Brooklyn Nets, Toronto Raptors (04/13/2016)",28,5,16.5,1
"Brooklyn Nets","Washington Wizards","2016-04-11",100,"Brooklyn Nets, Washington Wizards (04/11/2016)",28,20,24,1
"Brooklyn Nets","Detroit Pistons","2016-02-01",44.1,"Brooklyn Nets, Detroit Pistons (02/01/2016)",28,13,20.5,1
"Brooklyn Nets","New Orleans Pelicans","2016-04-03",108.78,"Brooklyn Nets, New Orleans Pelicans (04/03/2016)",28,25,26.5,1
"Brooklyn Nets","New York Knicks","2016-02-19",229.495,"Brooklyn Nets, New York Knicks (02/19/2016)",28,19,23.5,1
"Brooklyn Nets","Sacramento Kings","2016-02-05",89.09,"Brooklyn Nets, Sacramento Kings (02/05/2016)",28,22,25,1
"Brooklyn Nets","Philadelphia 76ers","2016-03-15",86.47,"Brooklyn Nets, Philadelphia 76ers (03/15/2016)",28,30,29,0
"Los Angeles Lakers","Boston Celtics","2016-04-03",387,"Los Angeles Lakers, Boston Celtics (04/03/2016)",29,11,20,1
"Los Angeles Lakers","Cleveland Cavaliers","2016-03-10",433.05,"Los Angeles Lakers, Cleveland Cavaliers (03/10/2016)",29,3,16,1
"Los Angeles Lakers","Denver Nuggets","2016-03-25",201,"Los Angeles Lakers, Denver Nuggets (03/25/2016)",29,24,26.5,1
"Los Angeles Lakers","Golden State Warriors","2016-03-06",494.74,"Los Angeles Lakers, Golden State Warriors (03/06/2016)",29,1,15,1
"Los Angeles Lakers","Memphis Grizzlies","2016-02-26",209.4,"Los Angeles Lakers, Memphis Grizzlies (02/26/2016)",29,7,18,1
"Los Angeles Lakers","Memphis Grizzlies","2016-03-22",218.02,"Los Angeles Lakers, Memphis Grizzlies (03/22/2016)",29,7,18,1
"Los Angeles Lakers","Miami Heat","2016-03-30",290,"Los Angeles Lakers, Miami Heat (03/30/2016)",29,8,18.5,1
"Los Angeles Lakers","Orlando Magic","2016-03-08",165.655,"Los Angeles Lakers, Orlando Magic (03/08/2016)",29,21,25,1
"Los Angeles Lakers","Phoenix Suns","2016-03-18",201.4,"Los Angeles Lakers, Phoenix Suns (03/18/2016)",29,26,27.5,1
"Los Angeles Lakers","Washington Wizards","2016-03-27",209.3,"Los Angeles Lakers, Washington Wizards (03/27/2016)",29,20,24.5,1
"Los Angeles Lakers","Los Angeles Clippers","2016-04-06",416.3,"Los Angeles Lakers, Los Angeles Clippers (04/06/2016)",29,6,17.5,1
"Los Angeles Lakers","New York Knicks","2016-03-13",289.9,"Los Angeles Lakers, New York Knicks (03/13/2016)",29,19,24,1
"Los Angeles Lakers","Sacramento Kings","2016-03-15",168.355,"Los Angeles Lakers, Sacramento Kings (03/15/2016)",29,22,25.5,1
"Los Angeles Lakers","Atlanta Hawks","2016-03-04",191.4,"Los Angeles Lakers, Atlanta Hawks (03/04/2016)",29,9,19,1
"Los Angeles Lakers","Brooklyn Nets","2016-03-01",200,"Los Angeles Lakers, Brooklyn Nets (03/01/2016)",29,28,28.5,1
"Los Angeles Lakers","Minnesota Timberwolves","2016-02-02",150,"Los Angeles Lakers, Minnesota Timberwolves (02/02/2016)",29,27,28,1
"Los Angeles Lakers","San Antonio Spurs","2016-02-19",324,"Los Angeles Lakers, San Antonio Spurs (02/19/2016)",29,2,15.5,1
"Philadelphia 76ers","Boston Celtics","2016-03-20",55,"Philadelphia 76ers, Boston Celtics (03/20/2016)",30,11,20.5,1
"Philadelphia 76ers","Charlotte Hornets","2016-03-02",37,"Philadelphia 76ers, Charlotte Hornets (03/02/2016)",30,16,23,1
"Philadelphia 76ers","Charlotte Hornets","2016-03-29",39,"Philadelphia 76ers, Charlotte Hornets (03/29/2016)",30,16,23,1
"Philadelphia 76ers","Houston Rockets","2016-03-09",51,"Philadelphia 76ers, Houston Rockets (03/09/2016)",30,15,22.5,1
"Philadelphia 76ers","Indiana Pacers","2016-04-02",55,"Philadelphia 76ers, Indiana Pacers (04/02/2016)",30,14,22,1
"Philadelphia 76ers","Miami Heat","2016-03-04",66,"Philadelphia 76ers, Miami Heat (03/04/2016)",30,8,19,1
"Philadelphia 76ers","Milwaukee Bucks","2016-04-10",50,"Philadelphia 76ers, Milwaukee Bucks (04/10/2016)",30,23,26.5,1
"Philadelphia 76ers","Orlando Magic","2016-02-23",33,"Philadelphia 76ers, Orlando Magic (02/23/2016)",30,21,25.5,1
"Philadelphia 76ers","Washington Wizards","2016-02-26",52.5,"Philadelphia 76ers, Washington Wizards (02/26/2016)",30,20,25,1
"Philadelphia 76ers","Washington Wizards","2016-03-17",49.99,"Philadelphia 76ers, Washington Wizards (03/17/2016)",30,20,25,1
"Philadelphia 76ers","Detroit Pistons","2016-03-12",50,"Philadelphia 76ers, Detroit Pistons (03/12/2016)",30,13,21.5,1
"Philadelphia 76ers","Los Angeles Clippers","2016-02-08",65,"Philadelphia 76ers, Los Angeles Clippers (02/08/2016)",30,6,18,1
"Philadelphia 76ers","New Orleans Pelicans","2016-04-05",45,"Philadelphia 76ers, New Orleans Pelicans (04/05/2016)",30,25,27.5,1
"Philadelphia 76ers","New York Knicks","2016-04-08",79.99,"Philadelphia 76ers, New York Knicks (04/08/2016)",30,19,24.5,1
"Philadelphia 76ers","Oklahoma City Thunder","2016-03-18",121,"Philadelphia 76ers, Oklahoma City Thunder (03/18/2016)",30,4,17,1
"Philadelphia 76ers","Sacramento Kings","2016-02-10",29,"Philadelphia 76ers, Sacramento Kings (02/10/2016)",30,22,26,1
"Philadelphia 76ers","Atlanta Hawks","2016-02-03",28.04,"Philadelphia 76ers, Atlanta Hawks (02/03/2016)",30,9,19.5,1
"Philadelphia 76ers","Brooklyn Nets","2016-03-11",55,"Philadelphia 76ers, Brooklyn Nets (03/11/2016)",30,28,29,1
"Philadelphia 76ers","Brooklyn Nets","2016-02-06",40,"Philadelphia 76ers, Brooklyn Nets (02/06/2016)",30,28,29,1
